data_consulta;useriD
22/06/2021 00:00;id3419573841478276
22/06/2021 00:00;id3488842687885635
22/06/2021 00:00;id3818514014826811
22/06/2021 00:00;id3823611161064779
22/06/2021 00:00;id4029980273784788
22/06/2021 00:00;id4046403558789289
22/06/2021 00:00;id4059894484047992
22/06/2021 00:00;id4065899943494958
22/06/2021 00:00;id4069368993183677
22/06/2021 00:00;id4122243714524681
22/06/2021 00:00;id4164687243590169
22/06/2021 00:00;id4242655982421396
22/06/2021 00:00;id4345712715453443
22/06/2021 00:00;id4522925584398082
22/06/2021 00:00;id4680884658602542
22/06/2021 00:00;id4801410303206465
22/06/2021 00:00;id5725765197466027
22/06/2021 00:00;id5959445730733972
22/06/2021 00:00;id6290557574291382
23/06/2021 00:00;id3834979066631066
23/06/2021 00:00;id3863083283813488
23/06/2021 00:00;id3960666583985714
23/06/2021 00:00;id4022749307822194
23/06/2021 00:00;id4035238123220867
23/06/2021 00:00;id4040537339370555
23/06/2021 00:00;id4091762960908071
23/06/2021 00:00;id4102297056558566
23/06/2021 00:00;id4172775809456264
23/06/2021 00:00;id4212609668825892
23/06/2021 00:00;id4250324278357885
23/06/2021 00:00;id4441950509158091
23/06/2021 00:00;id4502351843110962
23/06/2021 00:00;id4666506710030141
23/06/2021 00:00;id5407985059275310
24/06/2021 00:00;id3129993990458540
24/06/2021 00:00;id3339666346072437
24/06/2021 00:00;id3469960956440574
24/06/2021 00:00;id3671372392964517
24/06/2021 00:00;id3823046084484506
24/06/2021 00:00;id3824351687670468
24/06/2021 00:00;id3862529963868915
24/06/2021 00:00;id3914470558662332
24/06/2021 00:00;id3984234538292550
24/06/2021 00:00;id4018416101587270
24/06/2021 00:00;id4018949264859358
24/06/2021 00:00;id4022902324411423
24/06/2021 00:00;id4040252082679282
24/06/2021 00:00;id4055569101156322
24/06/2021 00:00;id4067956306553939
24/06/2021 00:00;id4069260056524489
24/06/2021 00:00;id4072906152773359
24/06/2021 00:00;id4074199065950888
24/06/2021 00:00;id4074217246030013
24/06/2021 00:00;id4078293182239983
24/06/2021 00:00;id4082365811857721
24/06/2021 00:00;id4086470418140857
24/06/2021 00:00;id4092601044160179
24/06/2021 00:00;id4109660039119307
24/06/2021 00:00;id4137436813015970
24/06/2021 00:00;id4166943100034024
24/06/2021 00:00;id4167345003370876
24/06/2021 00:00;id4233796136642937
24/06/2021 00:00;id4242205235844070
24/06/2021 00:00;id4242712865750057
24/06/2021 00:00;id4261580950572271
24/06/2021 00:00;id4267645439954068
24/06/2021 00:00;id4301242953261275
24/06/2021 00:00;id4330300076982579
24/06/2021 00:00;id4446249472076010
24/06/2021 00:00;id4449512605106094
24/06/2021 00:00;id4482211715125148
24/06/2021 00:00;id4534495839917195
24/06/2021 00:00;id4735901586436825
24/06/2021 00:00;id5013924975391686
24/06/2021 00:00;id5709832579088966
24/06/2021 00:00;id5734668976605843
24/06/2021 00:00;id6247967831883720
25/06/2021 00:00;id3407450006024574
25/06/2021 00:00;id3869741069819722
25/06/2021 00:00;id3988277577938154
25/06/2021 00:00;id4067956306553939
25/06/2021 00:00;id4069260056524489
25/06/2021 00:00;id4091982584210778
25/06/2021 00:00;id4201276116617673
25/06/2021 00:00;id4445853895437307
25/06/2021 00:00;id5515949198475079
25/06/2021 00:00;id6023010554376060
05/07/2021 00:00;id3268612306572684
05/07/2021 00:00;id3270715513028811
05/07/2021 00:00;id3293077814144831
05/07/2021 00:00;id3679823125455186
05/07/2021 00:00;id3938862846221746
05/07/2021 00:00;id3987012844730701
05/07/2021 00:00;id4061284673894865
05/07/2021 00:00;id4080135382093242
05/07/2021 00:00;id4183288935040237
05/07/2021 00:00;id4204290996293777
05/07/2021 00:00;id4237783319613272
05/07/2021 00:00;id4348149151895737
05/07/2021 00:00;id5891559580884710
06/07/2021 00:00;id3831465900309417
06/07/2021 00:00;id3880982878695887
06/07/2021 00:00;id3938862846221746
06/07/2021 00:00;id3981570308632237
06/07/2021 00:00;id4038608016174717
06/07/2021 00:00;id4068418743195173
06/07/2021 00:00;id4078696712250444
06/07/2021 00:00;id4140830146007112
06/07/2021 00:00;id4152953474744017
06/07/2021 00:00;id4156722537716345
06/07/2021 00:00;id4168557403240827
06/07/2021 00:00;id4188416501277947
06/07/2021 00:00;id4226364094096883
06/07/2021 00:00;id4249053088488877
06/07/2021 00:00;id4250341428337543
06/07/2021 00:00;id4306574456060973
06/07/2021 00:00;id4314050641960243
06/07/2021 00:00;id4324104044277357
06/07/2021 00:00;id4518419338189036
06/07/2021 00:00;id4524473897586137
06/07/2021 00:00;id4580033245340359
06/07/2021 00:00;id4612877018740937
06/07/2021 00:00;id4700880449939322
06/07/2021 00:00;id4909305009141185
06/07/2021 00:00;id5703640166374553
06/07/2021 00:00;id5789744651098519
06/07/2021 00:00;id6321443077881955
06/07/2021 00:00;id6434634269896224
07/07/2021 00:00;id2923520924439444
07/07/2021 00:00;id3334675089905111
07/07/2021 00:00;id3507901592645746
07/07/2021 00:00;id3696377860444856
07/07/2021 00:00;id3938862846221746
07/07/2021 00:00;id4042372215858291
07/07/2021 00:00;id4061818870553988
07/07/2021 00:00;id4072807739470512
07/07/2021 00:00;id4095971753815613
07/07/2021 00:00;id4107606992685561
07/07/2021 00:00;id4110277802425929
07/07/2021 00:00;id4123813101034866
07/07/2021 00:00;id4137036733020340
07/07/2021 00:00;id4174436885927298
07/07/2021 00:00;id4252083728185774
07/07/2021 00:00;id4263028607095783
07/07/2021 00:00;id4331145900285814
07/07/2021 00:00;id4338876322837550
07/07/2021 00:00;id4428178293859886
07/07/2021 00:00;id4476273852422665
07/07/2021 00:00;id4753524151343352
07/07/2021 00:00;id5787804601293574
07/07/2021 00:00;id6121781221173324
07/07/2021 00:00;id6311419322205398
08/07/2021 00:00;id3850197625090801
08/07/2021 00:00;id3927053410722202
08/07/2021 00:00;id3938862846221746
08/07/2021 00:00;id3976689245765496
08/07/2021 00:00;id4008711012588604
08/07/2021 00:00;id4152811698133199
08/07/2021 00:00;id4185290944895841
08/07/2021 00:00;id4194248230612309
08/07/2021 00:00;id4227039554041789
08/07/2021 00:00;id4293801677340817
08/07/2021 00:00;id5641244989284294
08/07/2021 00:00;id5989448851096121
09/07/2021 00:00;id3334675089905111
09/07/2021 00:00;id3603122233138971
09/07/2021 00:00;id3957678491021955
09/07/2021 00:00;id4057471534376345
09/07/2021 00:00;id4071559336296077
09/07/2021 00:00;id4226632490739243
09/07/2021 00:00;id4241297185989307
09/07/2021 00:00;id4287865384608185
09/07/2021 00:00;id4496174883726468
09/07/2021 00:00;id5815188381856357
09/07/2021 00:00;id6200459236646000
10/07/2021 00:00;id3643035922464577
10/07/2021 00:00;id4070224273062212
10/07/2021 00:00;id4112714002169222
10/07/2021 00:00;id4293801677340817
10/07/2021 00:00;id4369188283146077
10/07/2021 00:00;id4523924724319125
10/07/2021 00:00;id4609724799149232
10/07/2021 00:00;id4773856659295501
10/07/2021 00:00;id6883923694980920
11/07/2021 00:00;id3646620965440097
11/07/2021 00:00;id3847102245338367
11/07/2021 00:00;id4113526075435103
11/07/2021 00:00;id4256100247766308
11/07/2021 00:00;id4721167234577791
11/07/2021 00:00;id5754900377884366
11/07/2021 00:00;id6025862534121326
11/07/2021 00:00;id6531137710233477
12/07/2021 00:00;id2831005987000437
12/07/2021 00:00;id3129511857173971
12/07/2021 00:00;id3670064859744446
12/07/2021 00:00;id3885800008215951
12/07/2021 00:00;id3957894610920823
12/07/2021 00:00;id3984712638226375
12/07/2021 00:00;id3997051733681773
12/07/2021 00:00;id4046859658702939
12/07/2021 00:00;id4046924938739780
12/07/2021 00:00;id4078696712250444
12/07/2021 00:00;id4083963688324350
12/07/2021 00:00;id4237538902969550
12/07/2021 00:00;id4246773128713962
12/07/2021 00:00;id4686542708039853
12/07/2021 00:00;id4911849048829865
12/07/2021 00:00;id5385231461552047
13/07/2021 00:00;id3254803027978341
13/07/2021 00:00;id3675320182567658
13/07/2021 00:00;id3722502014436738
13/07/2021 00:00;id3962723780493425
13/07/2021 00:00;id4004838696248222
13/07/2021 00:00;id4018142798302402
13/07/2021 00:00;id4077672402291702
13/07/2021 00:00;id4080165612020788
13/07/2021 00:00;id4180200095334556
13/07/2021 00:00;id4222499974477378
13/07/2021 00:00;id4234384643315331
13/07/2021 00:00;id4237125306346516
13/07/2021 00:00;id4252268994855893
13/07/2021 00:00;id4382507908468675
13/07/2021 00:00;id4434406209911470
13/07/2021 00:00;id4695068497173895
13/07/2021 00:00;id5636965679710966
13/07/2021 00:00;id5784480171627012
14/07/2021 00:00;id2052683344828351
14/07/2021 00:00;id3473048586132094
14/07/2021 00:00;id3669619499813535
14/07/2021 00:00;id3887047201420929
14/07/2021 00:00;id4016878545056497
14/07/2021 00:00;id4118954648225731
14/07/2021 00:00;id4120810614714337
14/07/2021 00:00;id4124405560980162
14/07/2021 00:00;id4130633497003690
14/07/2021 00:00;id4133134710114912
14/07/2021 00:00;id4144710968910547
14/07/2021 00:00;id4165029776865724
14/07/2021 00:00;id4165077160237573
14/07/2021 00:00;id4180481085330942
14/07/2021 00:00;id4221704434571897
14/07/2021 00:00;id4290884440957266
14/07/2021 00:00;id4296639793733246
14/07/2021 00:00;id4297484796980513
14/07/2021 00:00;id4304696236284613
14/07/2021 00:00;id4413284398723152
14/07/2021 00:00;id4436662859712366
14/07/2021 00:00;id4497889503584261
14/07/2021 00:00;id4670280886334780
14/07/2021 00:00;id6033455123339049
15/07/2021 00:00;id3075157905865366
15/07/2021 00:00;id3334675089905111
15/07/2021 00:00;id3631557493612300
15/07/2021 00:00;id3688432257924594
15/07/2021 00:00;id3883030621819149
15/07/2021 00:00;id3987466378047070
15/07/2021 00:00;id4004793822971842
15/07/2021 00:00;id4065358150217497
15/07/2021 00:00;id4120763057961397
15/07/2021 00:00;id4179801348766037
15/07/2021 00:00;id4180586232062639
15/07/2021 00:00;id4185924768151234
15/07/2021 00:00;id4186361238138258
15/07/2021 00:00;id4233332246724799
15/07/2021 00:00;id4277226562315866
15/07/2021 00:00;id4330834573642413
15/07/2021 00:00;id4349346008442673
15/07/2021 00:00;id4503095313036270
15/07/2021 00:00;id4661123720567173
15/07/2021 00:00;id5815188381856357
15/07/2021 00:00;id5861246933948043
16/07/2021 00:00;id3362948563823586
16/07/2021 00:00;id3717105828373231
16/07/2021 00:00;id3935100696612347
16/07/2021 00:00;id4082561748447044
16/07/2021 00:00;id4112014012222661
16/07/2021 00:00;id4175489722537268
16/07/2021 00:00;id4246773128713962
16/07/2021 00:00;id4279592205451454
16/07/2021 00:00;id4281468598563497
16/07/2021 00:00;id4342658085754740
16/07/2021 00:00;id4502351843110962
16/07/2021 00:00;id4519909984694740
16/07/2021 00:00;id4549620501714956
16/07/2021 00:00;id4556022354442653
16/07/2021 00:00;id4624476164230535
16/07/2021 00:00;id4686425854705309
16/07/2021 00:00;id4706239912737024
16/07/2021 00:00;id6222449641129168
16/07/2021 00:00;id6507649392593930
17/07/2021 00:00;id3669619499813535
17/07/2021 00:00;id3996556790428386
17/07/2021 00:00;id4124577230984203
17/07/2021 00:00;id4320328581339044
17/07/2021 00:00;id4382691488461374
17/07/2021 00:00;id4428178293859886
17/07/2021 00:00;id4506451792722766
17/07/2021 00:00;id4620689187964615
17/07/2021 00:00;id4690642860946493
17/07/2021 00:00;id6102462713105024
18/07/2021 00:00;id3875091732595205
18/07/2021 00:00;id4121068777959034
18/07/2021 00:00;id4166200516789768
18/07/2021 00:00;id4492173450795287
18/07/2021 00:00;id4521911484493645
18/07/2021 00:00;id4582110515156916
18/07/2021 00:00;id5754028777972383
19/07/2021 00:00;id2590378560982330
19/07/2021 00:00;id2831005987000437
19/07/2021 00:00;id3334675089905111
19/07/2021 00:00;id3722502014436738
19/07/2021 00:00;id3943398652456369
19/07/2021 00:00;id4022902124474047
19/07/2021 00:00;id4029980273784788
19/07/2021 00:00;id4073705099339001
19/07/2021 00:00;id4097424497044826
19/07/2021 00:00;id4105652742881428
19/07/2021 00:00;id4111248935579768
19/07/2021 00:00;id4174550372639830
19/07/2021 00:00;id4251626184895570
19/07/2021 00:00;id4257381284378771
19/07/2021 00:00;id4268734746552122
19/07/2021 00:00;id4315994098463359
19/07/2021 00:00;id4324111637649636
19/07/2021 00:00;id4386737878085217
19/07/2021 00:00;id5745896545480828
19/07/2021 00:00;id5788409301229599
20/07/2021 00:00;id3587019857988831
20/07/2021 00:00;id3827059697400430
20/07/2021 00:00;id4013146402116323
20/07/2021 00:00;id4014498428649159
20/07/2021 00:00;id4111002965684838
20/07/2021 00:00;id4148478015270145
20/07/2021 00:00;id4158179767576797
20/07/2021 00:00;id4199633196787920
20/07/2021 00:00;id4206574689432135
20/07/2021 00:00;id4290407544350931
20/07/2021 00:00;id4308026725915294
20/07/2021 00:00;id4324039780951748
20/07/2021 00:00;id4387821657948010
20/07/2021 00:00;id4402720933104775
20/07/2021 00:00;id4597643973608125
20/07/2021 00:00;id5296326287075641
20/07/2021 00:00;id5736991699704410
21/07/2021 00:00;id2780041445453243
21/07/2021 00:00;id3756529477787066
21/07/2021 00:00;id3943497239080986
21/07/2021 00:00;id4004856026274667
21/07/2021 00:00;id4118709311578619
21/07/2021 00:00;id4133584670060105
21/07/2021 00:00;id4145943328807793
21/07/2021 00:00;id4276146629109706
21/07/2021 00:00;id4361468493874214
21/07/2021 00:00;id4434355499919937
21/07/2021 00:00;id4464160850274267
21/07/2021 00:00;id4603973932970168
21/07/2021 00:00;id5733187996751625
21/07/2021 00:00;id6102113209862449
22/07/2021 00:00;id2831005987000437
22/07/2021 00:00;id2966341410157156
22/07/2021 00:00;id3785921308179655
22/07/2021 00:00;id3807848245932037
22/07/2021 00:00;id3867804033326244
22/07/2021 00:00;id3959414024167821
22/07/2021 00:00;id4097382787005815
22/07/2021 00:00;id4100567220020395
22/07/2021 00:00;id4178386218908915
22/07/2021 00:00;id4179476445449548
22/07/2021 00:00;id4180873995325356
22/07/2021 00:00;id4192120914206055
22/07/2021 00:00;id4253955524679998
22/07/2021 00:00;id4331931346873032
22/07/2021 00:00;id4349888671739999
22/07/2021 00:00;id4751391448208425
22/07/2021 00:00;id4909305009141185
22/07/2021 00:00;id5784602394947135
22/07/2021 00:00;id6318669784813674
23/07/2021 00:00;id3278241028968506
23/07/2021 00:00;id3940168182777739
23/07/2021 00:00;id4049825821803216
23/07/2021 00:00;id4136587726437180
23/07/2021 00:00;id4136871656388799
23/07/2021 00:00;id4161728707268108
23/07/2021 00:00;id4190864201028269
23/07/2021 00:00;id4203161079762179
23/07/2021 00:00;id4328127467247345
23/07/2021 00:00;id4407894129232897
23/07/2021 00:00;id4466066143423731
23/07/2021 00:00;id4894664660549302
23/07/2021 00:00;id4971659319570838
23/07/2021 00:00;id5827808323927438
24/07/2021 00:00;id4096697923776707
24/07/2021 00:00;id4169108936541114
24/07/2021 00:00;id4240945892687294
24/07/2021 00:00;id4305825569438356
24/07/2021 00:00;id4336647633065283
24/07/2021 00:00;id4383272365062292
24/07/2021 00:00;id4411202072233727
24/07/2021 00:00;id4477748062269203
24/07/2021 00:00;id5794789303924739
24/07/2021 00:00;id6087719381268941
25/07/2021 00:00;id3157684271023225
25/07/2021 00:00;id4415242845201641
25/07/2021 00:00;id4683057638389531
25/07/2021 00:00;id5126261827400387
26/07/2021 00:00;id2831005987000437
26/07/2021 00:00;id3797631127009033
26/07/2021 00:00;id3944886972287716
26/07/2021 00:00;id4014498428649159
26/07/2021 00:00;id4070260279757363
26/07/2021 00:00;id4113677695344853
26/07/2021 00:00;id4159408164115059
26/07/2021 00:00;id4203122803106339
26/07/2021 00:00;id4208166019304062
26/07/2021 00:00;id4252903371470331
26/07/2021 00:00;id4273186639428749
26/07/2021 00:00;id4326989050750264
26/07/2021 00:00;id4387821657948010
26/07/2021 00:00;id4428178293859886
26/07/2021 00:00;id4478834418819966
26/07/2021 00:00;id4487002261345948
26/07/2021 00:00;id4505878169463789
26/07/2021 00:00;id4971659319570838
26/07/2021 00:00;id5754028777972383
26/07/2021 00:00;id5892675540802730
26/07/2021 00:00;id7032075743485364
27/07/2021 00:00;id3571951546258390
27/07/2021 00:00;id3770208756418487
27/07/2021 00:00;id3784717578278048
27/07/2021 00:00;id3810425029067323
27/07/2021 00:00;id3952075138235748
27/07/2021 00:00;id4053731014704949
27/07/2021 00:00;id4111682782202084
27/07/2021 00:00;id4134100660037471
27/07/2021 00:00;id4149897841730137
27/07/2021 00:00;id4163494023767608
27/07/2021 00:00;id4172892549467322
27/07/2021 00:00;id4194900233950890
27/07/2021 00:00;id4323573181015460
27/07/2021 00:00;id4374360315979207
27/07/2021 00:00;id4472445689466882
27/07/2021 00:00;id4503884552965141
27/07/2021 00:00;id4814149205268867
27/07/2021 00:00;id4831817760165255
27/07/2021 00:00;id5829425137128919
27/07/2021 00:00;id5914905545247972
28/07/2021 00:00;id3620472148079222
28/07/2021 00:00;id3869509696500289
28/07/2021 00:00;id4081193438645007
28/07/2021 00:00;id4100999966663235
28/07/2021 00:00;id4136370779812003
28/07/2021 00:00;id4160364907393613
28/07/2021 00:00;id4176756972400958
28/07/2021 00:00;id4182036451892418
28/07/2021 00:00;id4226419630760852
28/07/2021 00:00;id4366385370072060
28/07/2021 00:00;id4478834418819966
28/07/2021 00:00;id4491601367525853
28/07/2021 00:00;id4571539416211020
28/07/2021 00:00;id4643359329008450
28/07/2021 00:00;id4737101896318767
28/07/2021 00:00;id5775469369189966
28/07/2021 00:00;id5781882261885572
29/07/2021 00:00;id3390081204418115
29/07/2021 00:00;id3658625144181204
29/07/2021 00:00;id3862807797159175
29/07/2021 00:00;id3938862846221746
29/07/2021 00:00;id4108123032575044
29/07/2021 00:00;id4454377057908771
29/07/2021 00:00;id4524473897586137
29/07/2021 00:00;id4557950660890595
29/07/2021 00:00;id4622944884407057
29/07/2021 00:00;id4787419674619573
29/07/2021 00:00;id4917977734885160
29/07/2021 00:00;id6326488337423900
30/07/2021 00:00;id3334675089905111
30/07/2021 00:00;id4055420641212778
30/07/2021 00:00;id4057881160977513
30/07/2021 00:00;id4182036451892418
30/07/2021 00:00;id4201818103231697
30/07/2021 00:00;id4204288129663619
30/07/2021 00:00;id4232373120214034
30/07/2021 00:00;id4350821278308367
30/07/2021 00:00;id4393214214090631
30/07/2021 00:00;id4535235396495148
30/07/2021 00:00;id4909305009141185
30/07/2021 00:00;id6046500905424299
30/07/2021 00:00;id6088596131180862
30/07/2021 00:00;id6239761622708611
30/07/2021 00:00;id6326488337423900
31/07/2021 00:00;id3648868571835762
31/07/2021 00:00;id3661704517285872
31/07/2021 00:00;id3927053410722202
31/07/2021 00:00;id4222491197848213
31/07/2021 00:00;id4456862634352627
31/07/2021 00:00;id4533426266681027
31/07/2021 00:00;id4821097927907108
31/07/2021 00:00;id7537239456293545
01/08/2021 00:00;id2931605996963811
01/08/2021 00:00;id3334675089905111
01/08/2021 00:00;id3770321476402715
01/08/2021 00:00;id4113374855383369
01/08/2021 00:00;id4116815758432336
01/08/2021 00:00;id4288666364560117
01/08/2021 00:00;id4512585072094199
02/08/2021 00:00;id4050276161748456
02/08/2021 00:00;id4138857962864494
02/08/2021 00:00;id4170687779688300
02/08/2021 00:00;id4186334928109146
02/08/2021 00:00;id4204288129663619
02/08/2021 00:00;id4215248248535919
02/08/2021 00:00;id4260980713982391
02/08/2021 00:00;id4282762898429844
02/08/2021 00:00;id4291132720909078
02/08/2021 00:00;id4508111675920742
02/08/2021 00:00;id4526631474022166
02/08/2021 00:00;id4549357105084330
02/08/2021 00:00;id4824175227598358
02/08/2021 00:00;id5871835046223588
03/08/2021 00:00;id3683031521733168
03/08/2021 00:00;id3889451647829959
03/08/2021 00:00;id3950909895031715
03/08/2021 00:00;id4000932640034698
03/08/2021 00:00;id4087608461308536
03/08/2021 00:00;id4099687583475631
03/08/2021 00:00;id4196538257097785
03/08/2021 00:00;id4210892902290394
03/08/2021 00:00;id4225719027545931
03/08/2021 00:00;id4326030827473940
03/08/2021 00:00;id4428178293859886
03/08/2021 00:00;id4468420513223744
03/08/2021 00:00;id4527077347312793
03/08/2021 00:00;id4569444556408630
03/08/2021 00:00;id4827752747258288
03/08/2021 00:00;id5814553021952140
03/08/2021 00:00;id5997692966937723
03/08/2021 00:00;id6331676993524006
04/08/2021 00:00;id3205038549621197
04/08/2021 00:00;id3334675089905111
04/08/2021 00:00;id3593681510714331
04/08/2021 00:00;id3707205689381488
04/08/2021 00:00;id3788728874565070
04/08/2021 00:00;id3828400557261795
04/08/2021 00:00;id3830197503747016
04/08/2021 00:00;id3912038478901241
04/08/2021 00:00;id3973394042771774
04/08/2021 00:00;id3981241752002438
04/08/2021 00:00;id4055175547865157
04/08/2021 00:00;id4073705099339001
04/08/2021 00:00;id4119173074798230
04/08/2021 00:00;id4154078368001672
04/08/2021 00:00;id4154376507974059
04/08/2021 00:00;id4182848308502898
04/08/2021 00:00;id4197585636999728
04/08/2021 00:00;id4211020505614225
04/08/2021 00:00;id4271135582924997
04/08/2021 00:00;id4279391272146972
04/08/2021 00:00;id4311735042224902
04/08/2021 00:00;id4319198424804006
04/08/2021 00:00;id4373263019378761
04/08/2021 00:00;id4454657547931887
04/08/2021 00:00;id4484007518330638
04/08/2021 00:00;id4959360457413386
04/08/2021 00:00;id6331676993524006
05/08/2021 00:00;id3593681510714331
05/08/2021 00:00;id3722502014436738
05/08/2021 00:00;id3936314396495682
05/08/2021 00:00;id4002682576507985
05/08/2021 00:00;id4019779954814701
05/08/2021 00:00;id4268174676612861
05/08/2021 00:00;id4326539274070830
05/08/2021 00:00;id4337323646326266
05/08/2021 00:00;id4509299449090592
05/08/2021 00:00;id4570875116256991
05/08/2021 00:00;id4642246225819464
05/08/2021 00:00;id4700486523303589
05/08/2021 00:00;id4818658521481698
05/08/2021 00:00;id5790045644400444
05/08/2021 00:00;id5948486938526877
05/08/2021 00:00;id5957444650963542
05/08/2021 00:00;id5963504240388160
06/08/2021 00:00;id3813716195401624
06/08/2021 00:00;id4195946093824254
06/08/2021 00:00;id4202234063218048
06/08/2021 00:00;id4203841609650932
06/08/2021 00:00;id4287540141311015
06/08/2021 00:00;id4299097126795213
06/08/2021 00:00;id4459720964090345
06/08/2021 00:00;id4498815186797313
06/08/2021 00:00;id4596110033766563
06/08/2021 00:00;id5903609886379648
06/08/2021 00:00;id6092638094110246
06/08/2021 00:00;id6108644479175476
07/08/2021 00:00;id3696377860444856
07/08/2021 00:00;id3957894610920823
07/08/2021 00:00;id4012170282227096
07/08/2021 00:00;id4204575376277913
07/08/2021 00:00;id4220380591376951
07/08/2021 00:00;id4235099419873052
07/08/2021 00:00;id4258636774229567
07/08/2021 00:00;id4313070925380429
07/08/2021 00:00;id4388263837917918
07/08/2021 00:00;id4473402672723671
07/08/2021 00:00;id4645355765498562
07/08/2021 00:00;id6108757035808644
08/08/2021 00:00;id3620472148079222
08/08/2021 00:00;id4412092475519951
08/08/2021 00:00;id4498793226808451
08/08/2021 00:00;id4837330846281154
08/08/2021 00:00;id5335560666484042
08/08/2021 00:00;id5368541106489417
08/08/2021 00:00;id5414971981911261
08/08/2021 00:00;id6416425345038031
09/08/2021 00:00;id3906449222790344
09/08/2021 00:00;id3966607043396973
09/08/2021 00:00;id4002823583179327
09/08/2021 00:00;id4138417559582687
09/08/2021 00:00;id4226545577452933
09/08/2021 00:00;id4229165337165630
09/08/2021 00:00;id4288558434567269
09/08/2021 00:00;id4327140020678024
09/08/2021 00:00;id4333045646730000
09/08/2021 00:00;id4380298698659171
09/08/2021 00:00;id4418345514854045
09/08/2021 00:00;id4721379317875398
09/08/2021 00:00;id4735901586436825
09/08/2021 00:00;id4824973704199313
09/08/2021 00:00;id4837330846281154
09/08/2021 00:00;id5368541106489417
09/08/2021 00:00;id5448266001912638
09/08/2021 00:00;id5832192693522295
09/08/2021 00:00;id6080497341976360
09/08/2021 00:00;id6111195622253864
10/08/2021 00:00;id2831005987000437
10/08/2021 00:00;id3093957154062349
10/08/2021 00:00;id3444517495628284
10/08/2021 00:00;id3635699566532686
10/08/2021 00:00;id3797689410261087
10/08/2021 00:00;id3986388484750024
10/08/2021 00:00;id4138412359582669
10/08/2021 00:00;id4153035774764512
10/08/2021 00:00;id4170958319624165
10/08/2021 00:00;id4183194438430239
10/08/2021 00:00;id4187575484625170
10/08/2021 00:00;id4205912429489357
10/08/2021 00:00;id4220013638052854
10/08/2021 00:00;id4249297781818286
10/08/2021 00:00;id4319180468159030
10/08/2021 00:00;id4337036273026021
10/08/2021 00:00;id4465498396814270
10/08/2021 00:00;id4588188151245420
10/08/2021 00:00;id4837330846281154
10/08/2021 00:00;id4952569624771364
10/08/2021 00:00;id5798035413602054
10/08/2021 00:00;id5836931336378971
10/08/2021 00:00;id5983587568380542
10/08/2021 00:00;id6506291319441557
10/08/2021 00:00;id6723564581002796
11/08/2021 00:00;id3334675089905111
11/08/2021 00:00;id3807625002685585
11/08/2021 00:00;id3818514014826811
11/08/2021 00:00;id3892678690827669
11/08/2021 00:00;id3997060797039811
11/08/2021 00:00;id4023176164460888
11/08/2021 00:00;id4027492260697007
11/08/2021 00:00;id4160388743999003
11/08/2021 00:00;id4170958319624165
11/08/2021 00:00;id4176406989140458
11/08/2021 00:00;id4188069681307142
11/08/2021 00:00;id4300044010034056
11/08/2021 00:00;id4315547235178518
11/08/2021 00:00;id4321910794499113
11/08/2021 00:00;id4329238500500219
11/08/2021 00:00;id4498602153484614
11/08/2021 00:00;id4503118953074021
11/08/2021 00:00;id4522898774411147
11/08/2021 00:00;id4680373968661306
11/08/2021 00:00;id4721167234577791
11/08/2021 00:00;id4735901586436825
11/08/2021 00:00;id5843317312405363
11/08/2021 00:00;id5868456689894707
12/08/2021 00:00;id3862273317207744
12/08/2021 00:00;id3974245212687488
12/08/2021 00:00;id4031712026927286
12/08/2021 00:00;id4169814509778263
12/08/2021 00:00;id4240413676041818
12/08/2021 00:00;id4268357993203263
12/08/2021 00:00;id4291553520907416
12/08/2021 00:00;id4313187855393902
12/08/2021 00:00;id4647376335296370
12/08/2021 00:00;id5754418701296287
12/08/2021 00:00;id5859326964141195
12/08/2021 00:00;id6010256719046183
13/08/2021 00:00;id3717105828373231
13/08/2021 00:00;id3758763400886485
13/08/2021 00:00;id3761133033987998
13/08/2021 00:00;id4054562081279006
13/08/2021 00:00;id4153386968113203
13/08/2021 00:00;id4179768928779242
13/08/2021 00:00;id4203841609650932
13/08/2021 00:00;id4212024268914682
13/08/2021 00:00;id4379574808804071
13/08/2021 00:00;id4435316576528241
13/08/2021 00:00;id4451915971594484
13/08/2021 00:00;id4736399273054303
13/08/2021 00:00;id4850064341675861
13/08/2021 00:00;id4916016391748880
13/08/2021 00:00;id5913551778686039
14/08/2021 00:00;id4329486790443264
14/08/2021 00:00;id4431443650211061
14/08/2021 00:00;id6311987195486017
15/08/2021 00:00;id3808235222611292
15/08/2021 00:00;id4219062171475200
15/08/2021 00:00;id4380801235310462
15/08/2021 00:00;id4510511045646972
15/08/2021 00:00;id4718742928154836
15/08/2021 00:00;id5840410309363707
16/08/2021 00:00;id3334675089905111
16/08/2021 00:00;id3601016846694292
16/08/2021 00:00;id4033873333405284
16/08/2021 00:00;id4142925342493282
16/08/2021 00:00;id4165298566873186
16/08/2021 00:00;id4237362713049848
16/08/2021 00:00;id4243234142391245
16/08/2021 00:00;id4327140020678024
16/08/2021 00:00;id4343726372377981
16/08/2021 00:00;id4394458507277908
16/08/2021 00:00;id4590980944266668
16/08/2021 00:00;id5853931668010597
16/08/2021 00:00;id5916506335057222
16/08/2021 00:00;id5927443083964538
17/08/2021 00:00;id4022261247871313
17/08/2021 00:00;id4038709182904475
17/08/2021 00:00;id4040332159429657
17/08/2021 00:00;id4251456944938566
17/08/2021 00:00;id4477122472308709
17/08/2021 00:00;id4589922234351464
17/08/2021 00:00;id4668794269819662
17/08/2021 00:00;id5939131919493603
18/08/2021 00:00;id3858716920898956
18/08/2021 00:00;id3883743561735355
18/08/2021 00:00;id4012129178913053
18/08/2021 00:00;id4047796035329960
18/08/2021 00:00;id4141181459300500
18/08/2021 00:00;id4170560489724340
18/08/2021 00:00;id4269372203152259
18/08/2021 00:00;id4497512163603990
18/08/2021 00:00;id4691728797544095
18/08/2021 00:00;id5059651130715101
18/08/2021 00:00;id6116817808360325
19/08/2021 00:00;id3681121371968662
19/08/2021 00:00;id4000204220084654
19/08/2021 00:00;id4134668483252803
19/08/2021 00:00;id4197184683702123
19/08/2021 00:00;id4267061383387875
19/08/2021 00:00;id4588609317829876
19/08/2021 00:00;id5368541106489417
19/08/2021 00:00;id6062189193854863
19/08/2021 00:00;id6119055414833408
19/08/2021 00:00;id6313095022041859
20/08/2021 00:00;id3240945146023409
20/08/2021 00:00;id3797689410261087
20/08/2021 00:00;id4079514625505349
20/08/2021 00:00;id4110571729040569
20/08/2021 00:00;id4142925342493282
20/08/2021 00:00;id4265462246856955
20/08/2021 00:00;id4401451943302163
20/08/2021 00:00;id4566564240074803
20/08/2021 00:00;id4936429439715870
20/08/2021 00:00;id5934042439971354
20/08/2021 00:00;id6054634194579260
20/08/2021 00:00;id6518734768151708
21/08/2021 00:00;id4231432720297809
21/08/2021 00:00;id4252015901519665
21/08/2021 00:00;id4378128758979849
21/08/2021 00:00;id4546159235440609
21/08/2021 00:00;id4625352190809312
21/08/2021 00:00;id4641026802596529
21/08/2021 00:00;id4674118435933284
22/08/2021 00:00;id3717105828373231
22/08/2021 00:00;id4077030132414326
22/08/2021 00:00;id4233332246724799
22/08/2021 00:00;id4492300160792709
23/08/2021 00:00;id2022382901209601
23/08/2021 00:00;id3334675089905111
23/08/2021 00:00;id3407450006024574
23/08/2021 00:00;id4079514625505349
23/08/2021 00:00;id4254260374666360
23/08/2021 00:00;id4268357993203263
23/08/2021 00:00;id4282693761827006
23/08/2021 00:00;id4285623748182986
23/08/2021 00:00;id4359708370778930
23/08/2021 00:00;id4545239758821011
23/08/2021 00:00;id4587736724604869
23/08/2021 00:00;id5076887612337654
23/08/2021 00:00;id5485570614801955
23/08/2021 00:00;id6003470253056828
23/08/2021 00:00;id861780617257232
24/08/2021 00:00;id2986444021480014
24/08/2021 00:00;id3320327491359190
24/08/2021 00:00;id3763102937123913
24/08/2021 00:00;id3842002492572017
24/08/2021 00:00;id4029980273784788
24/08/2021 00:00;id4039217542871448
24/08/2021 00:00;id4201315243298770
24/08/2021 00:00;id4269856476396405
24/08/2021 00:00;id4309560545804322
24/08/2021 00:00;id4344825848931826
24/08/2021 00:00;id4466162440165842
24/08/2021 00:00;id4512004465511623
24/08/2021 00:00;id4530695713609864
24/08/2021 00:00;id4849737535036961
24/08/2021 00:00;id5273564532719000
24/08/2021 00:00;id5852150578192325
24/08/2021 00:00;id5931017916973212
24/08/2021 00:00;id6032047586867008
24/08/2021 00:00;id6200559089984797
25/08/2021 00:00;id3934360279930354
25/08/2021 00:00;id3940224729415815
25/08/2021 00:00;id4106507206114114
25/08/2021 00:00;id4120897508023045
25/08/2021 00:00;id4160364907393613
25/08/2021 00:00;id4178190662297501
25/08/2021 00:00;id4224587814301857
25/08/2021 00:00;id4284361805018596
25/08/2021 00:00;id4301570756566143
25/08/2021 00:00;id4318588371568527
25/08/2021 00:00;id4374723472563417
25/08/2021 00:00;id4497602110297157
25/08/2021 00:00;id4529528057077372
25/08/2021 00:00;id4550627738383642
25/08/2021 00:00;id4563062640371907
25/08/2021 00:00;id4618329618197906
25/08/2021 00:00;id4623782240985719
25/08/2021 00:00;id6401436669874260
25/08/2021 00:00;id6848942061798615
26/08/2021 00:00;id2831005987000437
26/08/2021 00:00;id3619672154802195
26/08/2021 00:00;id3703449233047915
26/08/2021 00:00;id3743818732386082
26/08/2021 00:00;id3901806263257687
26/08/2021 00:00;id3968397686616927
26/08/2021 00:00;id4004759639646800
26/08/2021 00:00;id4007045416071401
26/08/2021 00:00;id4008082379304043
26/08/2021 00:00;id4029980273784788
26/08/2021 00:00;id4031305240331095
26/08/2021 00:00;id4120897508023045
26/08/2021 00:00;id4140451816077676
26/08/2021 00:00;id4200199643431980
26/08/2021 00:00;id4222761187840071
26/08/2021 00:00;id4229624117083711
26/08/2021 00:00;id4235630453169958
26/08/2021 00:00;id4238391549586779
26/08/2021 00:00;id4284896224910956
26/08/2021 00:00;id4533165310073385
26/08/2021 00:00;id4562729460466866
26/08/2021 00:00;id4587351767976752
26/08/2021 00:00;id4748968705131461
26/08/2021 00:00;id5023592341002481
26/08/2021 00:00;id5292292970788036
26/08/2021 00:00;id5999602243445863
26/08/2021 00:00;id6112688785439934
26/08/2021 00:00;id6356492757757044
27/08/2021 00:00;id3320327491359190
27/08/2021 00:00;id3334675089905111
27/08/2021 00:00;id3619672154802195
27/08/2021 00:00;id3748522851859109
27/08/2021 00:00;id3901098559977388
27/08/2021 00:00;id4081827965259519
27/08/2021 00:00;id4140395996056182
27/08/2021 00:00;id4148008018616437
27/08/2021 00:00;id4220538831362393
27/08/2021 00:00;id4258132520938353
27/08/2021 00:00;id4326115450775399
27/08/2021 00:00;id4328222087255498
27/08/2021 00:00;id4405740772817660
27/08/2021 00:00;id4577784858921186
27/08/2021 00:00;id4577855142247101
27/08/2021 00:00;id5133065830044004
27/08/2021 00:00;id5851381308269502
27/08/2021 00:00;id6061850203889501
27/08/2021 00:00;id6123482467691794
27/08/2021 00:00;id6203534993021827
28/08/2021 00:00;id3256583857799841
28/08/2021 00:00;id4220684364705918
28/08/2021 00:00;id4226569334045610
28/08/2021 00:00;id4229654050447050
28/08/2021 00:00;id4244111705657424
28/08/2021 00:00;id4259946624084151
28/08/2021 00:00;id4275268672550268
28/08/2021 00:00;id4282685911828203
28/08/2021 00:00;id4411359408923277
28/08/2021 00:00;id4425827040801294
28/08/2021 00:00;id4596110033766563
28/08/2021 00:00;id4610138529030463
28/08/2021 00:00;id4831960993500425
28/08/2021 00:00;id5431619470199880
28/08/2021 00:00;id5903072599764199
28/08/2021 00:00;id5959232957484297
28/08/2021 00:00;id6260624580645129
28/08/2021 00:00;id6561899430501777
29/08/2021 00:00;id2831005987000437
29/08/2021 00:00;id3687444628028456
29/08/2021 00:00;id4057248034402613
29/08/2021 00:00;id4065358150217497
29/08/2021 00:00;id4224089234306297
29/08/2021 00:00;id4226569334045610
29/08/2021 00:00;id4283149058467859
29/08/2021 00:00;id4407980409240692
29/08/2021 00:00;id4588188151245420
29/08/2021 00:00;id6304816352869513
30/08/2021 00:00;id3331515446973449
30/08/2021 00:00;id3567150590071580
30/08/2021 00:00;id3722502014436738
30/08/2021 00:00;id3748522851859109
30/08/2021 00:00;id3790976527668476
30/08/2021 00:00;id4089877307800989
30/08/2021 00:00;id4142925342493282
30/08/2021 00:00;id4228036677244736
30/08/2021 00:00;id4231432720297809
30/08/2021 00:00;id4253512868049319
30/08/2021 00:00;id4253528908095787
30/08/2021 00:00;id4261249323951985
30/08/2021 00:00;id4282685911828203
30/08/2021 00:00;id4298107063589931
30/08/2021 00:00;id4306723262698305
30/08/2021 00:00;id4311212992257535
30/08/2021 00:00;id4311934082238951
30/08/2021 00:00;id4336288469773951
30/08/2021 00:00;id4399553070065985
30/08/2021 00:00;id4483773278328577
30/08/2021 00:00;id4563062640371907
30/08/2021 00:00;id4666191023404473
30/08/2021 00:00;id4913364288692315
30/08/2021 00:00;id5368541106489417
30/08/2021 00:00;id5998532793550639
30/08/2021 00:00;id6204456619595163
30/08/2021 00:00;id6488622094496365
31/08/2021 00:00;id3260463904078594
31/08/2021 00:00;id3740601172706730
31/08/2021 00:00;id4106507206114114
31/08/2021 00:00;id4139929599450087
31/08/2021 00:00;id4200199643431980
31/08/2021 00:00;id4236200386429562
31/08/2021 00:00;id4262566433821339
31/08/2021 00:00;id4324055887691117
31/08/2021 00:00;id4326539274070830
31/08/2021 00:00;id4343519969100245
31/08/2021 00:00;id4383432731713719
31/08/2021 00:00;id4438270812891392
31/08/2021 00:00;id4560268280679241
31/08/2021 00:00;id4565025996850498
31/08/2021 00:00;id4663251420360581
31/08/2021 00:00;id4987115434638954
31/08/2021 00:00;id5941774745897072
31/08/2021 00:00;id6008016365936134
31/08/2021 00:00;id6022470574492351
31/08/2021 00:00;id6058462637557576
01/09/2021 00:00;id4066849993413303
01/09/2021 00:00;id4073705099339001
01/09/2021 00:00;id4092271660902061
01/09/2021 00:00;id4135999199766900
01/09/2021 00:00;id4181725335261892
01/09/2021 00:00;id4186226294831653
01/09/2021 00:00;id4229624117083711
01/09/2021 00:00;id4241755782579774
01/09/2021 00:00;id4257921247631375
01/09/2021 00:00;id4277316139017124
01/09/2021 00:00;id4512874912097075
01/09/2021 00:00;id5177215649009844
01/09/2021 00:00;id5181757741840626
01/09/2021 00:00;id5982983031774147
01/09/2021 00:00;id6016575821746163
01/09/2021 00:00;id6628755893809186
02/09/2021 00:00;id3920379851400511
02/09/2021 00:00;id4103325203098826
02/09/2021 00:00;id4226027517516013
02/09/2021 00:00;id4342824962469448
02/09/2021 00:00;id4449608431728040
02/09/2021 00:00;id4461426793920845
02/09/2021 00:00;id4747792868617628
02/09/2021 00:00;id4836394989723083
02/09/2021 00:00;id5874794915924765
02/09/2021 00:00;id5941774745897072
02/09/2021 00:00;id5973507596053033
03/09/2021 00:00;id4045794398862399
03/09/2021 00:00;id4111248935579768
03/09/2021 00:00;id4198254376910385
03/09/2021 00:00;id4318975084851645
03/09/2021 00:00;id4325591904204335
03/09/2021 00:00;id4348579781900470
03/09/2021 00:00;id4381935565247745
03/09/2021 00:00;id4463524870373451
03/09/2021 00:00;id4464384170285575
03/09/2021 00:00;id4473172299401577
03/09/2021 00:00;id4496661450373004
03/09/2021 00:00;id4535923403093400
03/09/2021 00:00;id4668569589840831
03/09/2021 00:00;id4947988985218172
03/09/2021 00:00;id5266146216745051
03/09/2021 00:00;id5317139524992924
03/09/2021 00:00;id5945416328864682
03/09/2021 00:00;id6287389084634832
03/09/2021 00:00;id6350491341658303
04/09/2021 00:00;id3570581679712214
04/09/2021 00:00;id3876645692359858
04/09/2021 00:00;id4098339633621276
04/09/2021 00:00;id4220538831362393
04/09/2021 00:00;id4284027955008983
04/09/2021 00:00;id4292359100845774
04/09/2021 00:00;id4346135878813102
04/09/2021 00:00;id4347545795340152
04/09/2021 00:00;id4602442093100014
04/09/2021 00:00;id4707397815945544
04/09/2021 00:00;id6200939753280148
04/09/2021 00:00;id6281347661905673
04/09/2021 00:00;id6350491341658303
04/09/2021 00:00;id6509692332436405
05/09/2021 00:00;id3876645692359858
05/09/2021 00:00;id3959137674142776
05/09/2021 00:00;id4207321155973442
05/09/2021 00:00;id4312752632152030
05/09/2021 00:00;id4362490987127345
05/09/2021 00:00;id4637676909584903
05/09/2021 00:00;id6775719202454035
06/09/2021 00:00;id3845399965561621
06/09/2021 00:00;id3847102245338367
06/09/2021 00:00;id4029980273784788
06/09/2021 00:00;id4112099855579454
06/09/2021 00:00;id4162053520539375
06/09/2021 00:00;id4197365686985652
06/09/2021 00:00;id4215456938551194
06/09/2021 00:00;id4226569334045610
06/09/2021 00:00;id4285503834837542
06/09/2021 00:00;id4293052450807851
06/09/2021 00:00;id4458190527579281
06/09/2021 00:00;id4486286621429674
06/09/2021 00:00;id4716981894981141
06/09/2021 00:00;id5181757741840626
06/09/2021 00:00;id6088715461203015
06/09/2021 00:00;id6707690355923597
06/09/2021 00:00;id6804919536200103
07/09/2021 00:00;id4088143317975796
07/09/2021 00:00;id4098339633621276
07/09/2021 00:00;id4162053520539375
07/09/2021 00:00;id4200274483383247
07/09/2021 00:00;id4259955454069792
07/09/2021 00:00;id4285503834837542
07/09/2021 00:00;id4329455560471494
07/09/2021 00:00;id4348605178558359
07/09/2021 00:00;id4358092687563239
07/09/2021 00:00;id4411459015567231
07/09/2021 00:00;id4657156667629106
07/09/2021 00:00;id4820948334606527
07/09/2021 00:00;id4959976657363751
07/09/2021 00:00;id5700511509966849
07/09/2021 00:00;id6063050993737199
07/09/2021 00:00;id6338274779546663
08/09/2021 00:00;id2343671662398919
08/09/2021 00:00;id3240945146023409
08/09/2021 00:00;id3661704517285872
08/09/2021 00:00;id3859235097514742
08/09/2021 00:00;id4059979440779394
08/09/2021 00:00;id4060872837368314
08/09/2021 00:00;id4107101846054106
08/09/2021 00:00;id4137615379633604
08/09/2021 00:00;id4160083344104432
08/09/2021 00:00;id4160867823973950
08/09/2021 00:00;id4271821369573757
08/09/2021 00:00;id4299127483511755
08/09/2021 00:00;id4303741003046347
08/09/2021 00:00;id4411459015567231
08/09/2021 00:00;id4414287851927857
08/09/2021 00:00;id4516774888386867
08/09/2021 00:00;id4556831834329582
08/09/2021 00:00;id4615986101772765
08/09/2021 00:00;id4618921478132786
08/09/2021 00:00;id4648172948527234
08/09/2021 00:00;id4648238158549319
08/09/2021 00:00;id4662759987076827
08/09/2021 00:00;id4705399616189720
08/09/2021 00:00;id4953529811368929
08/09/2021 00:00;id4954223157939561
08/09/2021 00:00;id5251554138255270
08/09/2021 00:00;id5850161515054016
08/09/2021 00:00;id6059685420770203
08/09/2021 00:00;id6266721653399192
08/09/2021 00:00;id6775719202454035
09/09/2021 00:00;id2937814909675530
09/09/2021 00:00;id3934775796543146
09/09/2021 00:00;id4072906152773359
09/09/2021 00:00;id4087328271390444
09/09/2021 00:00;id4145892795533244
09/09/2021 00:00;id4160867823973950
09/09/2021 00:00;id4218732908224938
09/09/2021 00:00;id4223896790997964
09/09/2021 00:00;id4254637571285651
09/09/2021 00:00;id4256701724418739
09/09/2021 00:00;id4311677295586347
09/09/2021 00:00;id4358456714276746
09/09/2021 00:00;id4374118995975520
09/09/2021 00:00;id4392596110805215
09/09/2021 00:00;id4592714767425714
09/09/2021 00:00;id4624382054279208
09/09/2021 00:00;id4635245646520500
09/09/2021 00:00;id4776650962348103
09/09/2021 00:00;id6260057520702847
09/09/2021 00:00;id6290180314386944
09/09/2021 00:00;id6350491341658303
09/09/2021 00:00;id6473540219330649
09/09/2021 00:00;id6765689863457285
10/09/2021 00:00;id3684031188366255
10/09/2021 00:00;id3934775796543146
10/09/2021 00:00;id4252157704839172
10/09/2021 00:00;id4274171939341488
10/09/2021 00:00;id4367265203348226
10/09/2021 00:00;id4376691749085918
10/09/2021 00:00;id4392233344193837
10/09/2021 00:00;id4430636266983458
10/09/2021 00:00;id4485898284810383
10/09/2021 00:00;id4502551326450181
10/09/2021 00:00;id4547908388563251
10/09/2021 00:00;id4630839720261638
10/09/2021 00:00;id4863042627046356
10/09/2021 00:00;id5784602394947135
10/09/2021 00:00;id6047172908687565
10/09/2021 00:00;id6464325530259244
10/09/2021 00:00;id6798885680137367
11/09/2021 00:00;id2515679341785824
11/09/2021 00:00;id3661704517285872
11/09/2021 00:00;id3798672363567638
11/09/2021 00:00;id4141579469260523
11/09/2021 00:00;id4165298566873186
11/09/2021 00:00;id4264276193663320
11/09/2021 00:00;id4685679854810723
11/09/2021 00:00;id6109706245737403
11/09/2021 00:00;id6133322206708996
12/09/2021 00:00;id4250263175071927
12/09/2021 00:00;id4261913470570990
12/09/2021 00:00;id4709449002412491
12/09/2021 00:00;id5368541106489417
12/09/2021 00:00;id6059342864107999
12/09/2021 00:00;id6350491341658303
12/09/2021 00:00;id6485889231436200
13/09/2021 00:00;id3780593082040246
13/09/2021 00:00;id4007924972663320
13/09/2021 00:00;id4028578237254359
13/09/2021 00:00;id4040964889348712
13/09/2021 00:00;id4073705099339001
13/09/2021 00:00;id4107441925998892
13/09/2021 00:00;id4254027624712030
13/09/2021 00:00;id4336866086427215
13/09/2021 00:00;id4371032042939863
13/09/2021 00:00;id4435137269842361
13/09/2021 00:00;id4573678925987787
13/09/2021 00:00;id4609834389028061
13/09/2021 00:00;id4779523472058217
13/09/2021 00:00;id5055169091178637
13/09/2021 00:00;id5705291802875571
13/09/2021 00:00;id6134822876591726
13/09/2021 00:00;id6530432813696823
13/09/2021 00:00;id7623873750963402
14/09/2021 00:00;id3919771431406155
14/09/2021 00:00;id4007924972663320
14/09/2021 00:00;id4049825821803216
14/09/2021 00:00;id4079329152193500
14/09/2021 00:00;id4134365023286011
14/09/2021 00:00;id4212587385512839
14/09/2021 00:00;id4246347292068491
14/09/2021 00:00;id4264054430375974
14/09/2021 00:00;id4310762795626559
14/09/2021 00:00;id4322516071127244
14/09/2021 00:00;id4322925144467569
14/09/2021 00:00;id4404455026269186
14/09/2021 00:00;id4407050946038045
14/09/2021 00:00;id4425827040801294
14/09/2021 00:00;id4436742976371896
14/09/2021 00:00;id4484479824948280
14/09/2021 00:00;id4717443638293643
14/09/2021 00:00;id4745768902101127
14/09/2021 00:00;id4863578563666408
14/09/2021 00:00;id6151947788179983
14/09/2021 00:00;id6228025003906681
14/09/2021 00:00;id6500499516627649
14/09/2021 00:00;id6730524113632371
15/09/2021 00:00;id4131460680313637
15/09/2021 00:00;id4143399615672819
15/09/2021 00:00;id4249741768394452
15/09/2021 00:00;id4321368237960252
15/09/2021 00:00;id4366565820102401
15/09/2021 00:00;id4379442792137670
15/09/2021 00:00;id4454532244625983
15/09/2021 00:00;id4515901055137446
15/09/2021 00:00;id4526001387461795
15/09/2021 00:00;id4541620002548835
15/09/2021 00:00;id4596110033766563
15/09/2021 00:00;id4954360321259157
15/09/2021 00:00;id5353422338016225
15/09/2021 00:00;id5368541106489417
15/09/2021 00:00;id5991625410910378
16/09/2021 00:00;id4523407261051545
